{
  "baseline_NDCG@10": 0.21372813353638873,
  "holdouts": {
    "book": {
      "test_NDCG@10": 0.1545,
      "test_P@10": 0.2925,
      "test_MAP@10": 0.1129,
      "test_NDCG@5": 0.1184,
      "test_P@5": 0.1809,
      "best_epoch": 18,
      "best_val_NDCG@10": 0.2018,
      "elapsed_sec": 6.243775367736816
    },
    "film": {
      "test_NDCG@10": 0.1562,
      "test_P@10": 0.2963,
      "test_MAP@10": 0.1138,
      "test_NDCG@5": 0.1217,
      "test_P@5": 0.1893,
      "best_epoch": 13,
      "best_val_NDCG@10": 0.2042,
      "elapsed_sec": 4.963944911956787
    },
    "music": {
      "test_NDCG@10": 0.1116,
      "test_P@10": 0.2181,
      "test_MAP@10": 0.0795,
      "test_NDCG@5": 0.0845,
      "test_P@5": 0.1339,
      "best_epoch": 24,
      "best_val_NDCG@10": 0.2162,
      "elapsed_sec": 6.3964879512786865
    },
    "writing": {
      "test_NDCG@10": 0.1199,
      "test_P@10": 0.2255,
      "test_MAP@10": 0.0879,
      "test_NDCG@5": 0.0948,
      "test_P@5": 0.1474,
      "best_epoch": 9,
      "best_val_NDCG@10": 0.2139,
      "elapsed_sec": 3.5064592361450195
    }
  }
}