{
  "layer1_retrieval": {
    "popularity": {
      "P@5": 0.0009940357852882703,
      "R@5": 0.0009940357852882703,
      "NDCG@5": 0.0009940357852882703,
      "MAP@5": 0.0009940357852882703,
      "P@10": 0.0019880715705765406,
      "R@10": 0.0019880715705765406,
      "NDCG@10": 0.0012932703734234406,
      "MAP@10": 0.001104484205875856
    },
    "knn": {
      "P@5": 0.09443339960238568,
      "R@5": 0.09443339960238568,
      "NDCG@5": 0.05859800498557103,
      "MAP@5": 0.04696819085487079,
      "P@10": 0.14015904572564614,
      "R@10": 0.14015904572564614,
      "NDCG@10": 0.07319367039088422,
      "MAP@10": 0.05288230931869108
    },
    "two_tower": {
      "P@5": 0.2584493041749503,
      "R@5": 0.2584493041749503,
      "NDCG@5": 0.1709648930057974,
      "MAP@5": 0.14249502982107362,
      "P@10": 0.39165009940357853,
      "R@10": 0.39165009940357853,
      "NDCG@10": 0.21372813353638873,
      "MAP@10": 0.1599659976648047
    },
    "two_tower_no_intent": {
      "P@5": 0.23061630218687873,
      "R@5": 0.23061630218687873,
      "NDCG@5": 0.14849302949715126,
      "MAP@5": 0.12160371106693173,
      "P@10": 0.36083499005964215,
      "R@10": 0.36083499005964215,
      "NDCG@10": 0.1905641087152298,
      "MAP@10": 0.1389417463473129
    }
  },
  "layer2_coherence": {
    "popularity": 0.07388339936733246,
    "knn": 0.14639122356402068,
    "two_tower": 0.1349488807450381,
    "two_tower_no_intent": 0.13773922988507067
  },
  "layer3_modality_entropy": {
    "popularity": 0.6128694524619496,
    "knn": 0.7566617026886098,
    "two_tower": 0.4562212510743275,
    "two_tower_no_intent": 0.47377435098070364
  },
  "layer4_llm_judge": {
    "popularity": {
      "coherence": 2.2,
      "alignment": 1.42,
      "n": 50
    },
    "knn": {
      "coherence": 4.5,
      "alignment": 4.72,
      "n": 50
    },
    "two_tower": {
      "coherence": 4.68,
      "alignment": 4.6,
      "n": 50
    }
  }
}