{
  "layer1_retrieval": {
    "popularity": {
      "P@5": 0.0009940357852882703,
      "R@5": 0.0009940357852882703,
      "NDCG@5": 0.0009940357852882703,
      "MAP@5": 0.0009940357852882703,
      "P@10": 0.0019880715705765406,
      "R@10": 0.0019880715705765406,
      "NDCG@10": 0.0012932703734234406,
      "MAP@10": 0.001104484205875856
    },
    "knn": {
      "P@5": 0.09443339960238568,
      "R@5": 0.09443339960238568,
      "NDCG@5": 0.05859800498557103,
      "MAP@5": 0.04696819085487079,
      "P@10": 0.14015904572564614,
      "R@10": 0.14015904572564614,
      "NDCG@10": 0.07319367039088422,
      "MAP@10": 0.05288230931869108
    },
    "two_tower": {
      "P@5": 0.24055666003976142,
      "R@5": 0.24055666003976142,
      "NDCG@5": 0.1613207254888749,
      "MAP@5": 0.13528827037773358,
      "P@10": 0.36083499005964215,
      "R@10": 0.36083499005964215,
      "NDCG@10": 0.2002275630057956,
      "MAP@10": 0.151360093407807
    },
    "two_tower_no_intent": {
      "P@5": 0.19980119284294234,
      "R@5": 0.19980119284294234,
      "NDCG@5": 0.13164026588093908,
      "MAP@5": 0.10939363817097417,
      "P@10": 0.30218687872763417,
      "R@10": 0.30218687872763417,
      "NDCG@10": 0.16450413403277817,
      "MAP@10": 0.12281036006185114
    }
  },
  "layer2_coherence": {
    "popularity": 0.07388339936733246,
    "knn": 0.14639122356402068,
    "two_tower": 0.13425774638531165,
    "two_tower_no_intent": 0.14100365495984118
  },
  "layer3_modality_entropy": {
    "popularity": 0.6128694524619496,
    "knn": 0.7566617026886098,
    "two_tower": 0.4802491567749287,
    "two_tower_no_intent": 0.46338819494628336
  },
  "layer4_llm_judge": {
    "popularity": {
      "coherence": 2.02,
      "alignment": 1.46,
      "n": 50
    },
    "knn": {
      "coherence": 4.56,
      "alignment": 4.58,
      "n": 50
    },
    "two_tower": {
      "coherence": 4.46,
      "alignment": 4.32,
      "n": 50
    }
  }
}