{
  "w_vibe": 0.19093458354473114,
  "w_mood": 0.17286105453968048,
  "w_intent": 0.17950274050235748,
  "w_tag": 0.2969527244567871,
  "w_modality": 0.1597488820552826,
  "best_epoch": 1,
  "best_val_ndcg10": 0.06610493169474456
}